City_ID,City,Lat,Lng,Max Temp,Humidity,Cloudiness,Wind Speed,Country,Date
0,susaki,33.37,133.28,73.4,69,75,4.7,JP,1590463638
1,ushuaia,-54.8,-68.3,46.4,61,90,18.34,AR,1590463485
2,svay rieng,11.09,105.8,90.14,60,74,3.78,KH,1590463639
3,nhulunbuy,-12.23,136.77,78.8,57,40,13.87,AU,1590463518
4,ponta delgada,37.73,-25.67,64.4,82,20,11.41,PT,1590463639
5,dikson,73.51,80.55,29.28,95,100,18.9,RU,1590463639
6,busselton,-33.65,115.33,61.0,85,100,1.99,AU,1590463639
7,srednekolymsk,67.45,153.68,55.42,36,97,6.22,RU,1590463640
8,buchanan,5.88,-10.05,78.93,86,26,8.08,LR,1590463640
9,constitucion,-35.33,-72.42,62.15,42,0,6.67,CL,1590463640
10,hithadhoo,-0.6,73.08,83.5,74,77,8.08,MV,1590463640
11,vostok,46.49,135.88,57.24,69,74,7.45,RU,1590463640
12,bengkulu,-3.8,102.27,85.86,63,98,1.45,ID,1590463641
13,qaanaaq,77.48,-69.36,25.84,90,81,0.85,GL,1590463641
14,arman,59.7,150.17,43.97,70,94,7.47,RU,1590463641
15,punta arenas,-53.15,-70.92,44.6,81,90,20.8,CL,1590463641
16,merauke,-8.47,140.33,81.32,81,62,10.65,ID,1590463506
17,kodiak,57.79,-152.41,53.6,50,75,12.75,US,1590463642
18,ucluelet,48.93,-125.55,55.0,82,9,8.28,CA,1590463556
19,walvis bay,-22.96,14.51,46.4,87,0,5.82,NA,1590463642
20,gondar,12.6,37.47,62.28,69,1,4.63,ET,1590463642
21,puerto ayora,-0.74,-90.35,73.0,92,21,1.01,EC,1590463643
22,hualmay,-11.1,-77.61,65.57,83,88,3.49,PE,1590463643
23,new norfolk,-42.78,147.06,54.0,55,0,1.99,AU,1590463643
24,yellowknife,62.46,-114.35,46.4,45,20,5.82,CA,1590463643
25,upernavik,72.79,-56.15,29.75,98,100,13.18,GL,1590463644
26,hobart,-42.88,147.33,54.0,62,20,3.36,AU,1590463461
27,tainan,22.99,120.21,80.6,88,75,11.41,TW,1590463644
28,codrington,-38.27,141.97,59.11,58,100,12.44,AU,1590463644
29,san patricio,19.22,-104.7,70.45,78,10,5.12,MX,1590463644
30,atuona,-9.8,-139.03,80.65,76,43,16.04,PF,1590463645
31,saint-philippe,-21.36,55.77,73.4,73,90,19.46,RE,1590463645
32,san carlos de bariloche,-41.15,-71.31,44.01,74,79,9.17,AR,1590463645
33,verkhnevilyuysk,63.45,120.32,79.81,30,30,11.72,RU,1590463645
34,coihaique,-45.58,-72.07,44.6,75,63,3.36,CL,1590463646
35,pochutla,15.74,-96.47,80.01,80,52,6.69,MX,1590463646
36,mahebourg,-20.41,57.7,73.4,73,75,13.87,MU,1590463646
37,sechura,-5.56,-80.82,70.81,76,19,10.65,PE,1590463646
38,barrow,71.29,-156.79,30.2,100,90,5.06,US,1590463647
39,arraial do cabo,-22.97,-42.03,62.6,88,52,3.36,BR,1590463647
40,sao sebastiao,-23.76,-45.41,63.45,65,0,7.9,BR,1590463647
41,broken hill,-31.95,141.43,59.0,44,97,10.29,AU,1590463647
42,hermanus,-34.42,19.23,46.99,99,97,1.01,ZA,1590463648
43,natal,-5.79,-35.21,77.0,94,43,3.36,BR,1590463648
44,pevek,69.7,170.31,31.69,96,43,2.59,RU,1590463648
45,khatanga,71.97,102.5,36.19,94,100,15.1,RU,1590463648
46,georgetown,5.41,100.34,78.8,94,40,3.36,MY,1590463648
47,penzance,50.12,-5.54,53.01,93,25,4.7,GB,1590463649
48,weatherford,32.76,-97.8,66.99,91,5,4.47,US,1590463649
49,kaitangata,-46.28,169.85,53.01,69,64,5.01,NZ,1590463649
50,cape town,-33.93,18.42,51.01,100,75,8.05,ZA,1590463383
51,cidreira,-30.18,-50.21,59.2,71,73,21.7,BR,1590463650
52,bideford,51.02,-4.2,50.0,92,92,1.99,GB,1590463650
53,rikitea,-23.12,-134.97,73.85,73,50,21.85,PF,1590463650
54,klaksvik,62.23,-6.59,48.2,93,45,18.34,FO,1590463650
55,bluff,-46.6,168.33,52.65,82,42,7.76,NZ,1590463651
56,monrovia,6.3,-10.8,79.57,84,21,8.28,LR,1590463651
57,namatanai,-3.67,152.43,86.16,65,60,6.85,PG,1590463651
58,hilo,19.73,-155.09,80.6,61,90,8.05,US,1590463651
59,carnarvon,-24.87,113.63,65.46,56,9,18.75,AU,1590463611
60,tuktoyaktuk,69.45,-133.04,42.8,70,20,12.75,CA,1590463652
61,vestmannaeyjar,63.44,-20.27,46.06,80,90,31.94,IS,1590463652
62,vaini,-21.2,-175.2,77.0,73,75,11.41,TO,1590463653
63,shache,38.42,77.24,80.64,17,42,9.13,CN,1590463653
64,tasiilaq,65.61,-37.64,33.8,86,26,9.17,GL,1590463653
65,hobyo,5.35,48.53,81.73,77,0,19.48,SO,1590463654
66,lichinga,-13.31,35.24,55.0,100,0,4.72,MZ,1590463654
67,kenora,49.82,-94.43,64.4,68,75,6.93,CA,1590463654
68,avarua,-21.21,-159.78,77.0,73,0,4.7,CK,1590463654
69,pafos,34.77,32.42,59.0,44,1,4.7,CY,1590463491
70,benghazi,32.12,20.07,67.55,85,0,8.63,LY,1590463655
71,lastoursville,-0.81,12.73,73.72,92,100,1.45,GA,1590463655
72,coquimbo,-29.95,-71.34,57.2,82,95,1.12,CL,1590463655
73,gamba,-2.65,10.0,77.38,91,100,5.68,GA,1590463656
74,harrislee,54.8,9.38,46.99,93,58,8.05,DE,1590463656
75,broome,42.25,-75.83,69.8,73,1,5.82,US,1590463656
76,vao,-22.67,167.48,74.98,67,60,3.51,NC,1590463656
77,palauig,15.44,119.9,88.56,61,28,6.06,PH,1590463656
78,kurchum,48.57,83.65,79.52,36,36,13.2,KZ,1590463657
79,ulladulla,-35.35,150.47,60.8,82,75,11.41,AU,1590463657
80,ahipara,-35.17,173.17,64.11,85,85,7.07,NZ,1590463657
81,bocas del toro,9.33,-82.25,69.01,91,100,3.0,PA,1590463657
82,port alfred,-33.59,26.89,48.99,96,60,8.99,ZA,1590463658
83,tura,25.52,90.22,76.66,88,96,9.71,IN,1590463658
84,mar del plata,-38.0,-57.56,51.8,76,90,8.05,AR,1590463658
85,praia da vitoria,38.73,-27.07,62.6,93,20,8.79,PT,1590463445
86,albany,42.6,-73.97,69.01,70,89,6.55,US,1590463659
87,camiri,-20.05,-63.52,55.04,56,0,2.19,BO,1590463659
88,cururupu,-1.83,-44.87,75.2,94,9,2.46,BR,1590463659
89,padang,-0.95,100.35,79.92,78,99,6.06,ID,1590463659
90,adrar,20.5,-10.07,79.29,24,1,2.66,MR,1590463660
91,yumen,40.28,97.2,61.57,41,94,21.07,CN,1590463660
92,ujiie,36.68,139.97,80.01,60,75,8.05,JP,1590463660
93,tiksi,71.69,128.87,34.74,95,100,14.47,RU,1590463660
94,tuatapere,-46.13,167.68,53.51,75,58,1.99,NZ,1590463660
95,sangin,32.07,64.84,81.72,17,0,4.72,AF,1590463661
96,irbeyskoye,55.64,95.45,64.76,66,100,13.15,RU,1590463661
97,castro,-24.79,-50.01,44.26,85,0,6.87,BR,1590463661
98,mataura,-46.19,168.86,52.54,75,56,2.77,NZ,1590463661
99,nikolskoye,59.7,30.79,46.99,70,30,6.71,RU,1590463661
100,tevaitoa,-16.78,-151.5,83.39,75,99,11.68,PF,1590463662
101,bathsheba,13.22,-59.52,80.6,78,40,14.99,BB,1590463662
102,clyde river,70.47,-68.59,23.0,92,90,10.29,CA,1590463662
103,the valley,18.22,-63.06,82.4,74,20,11.41,AI,1590463662
104,virginia beach,36.85,-75.98,62.01,93,90,4.7,US,1590463413
105,severo-kurilsk,50.68,156.12,40.84,85,93,10.83,RU,1590463663
106,bredasdorp,-34.53,20.04,50.0,71,94,12.75,ZA,1590463663
107,fredericksburg,38.3,-77.46,63.0,100,1,3.47,US,1590463558
108,mehamn,71.04,27.85,42.8,70,13,6.93,NO,1590463663
109,jamestown,42.1,-79.24,69.8,73,1,3.36,US,1590463374
110,kapaa,22.08,-159.32,79.0,74,90,8.05,US,1590463664
111,ovre ardal,61.32,7.8,38.01,75,100,2.57,NO,1590463664
112,myronivka,49.66,30.98,49.91,95,100,7.34,UA,1590463664
113,provideniya,64.38,-173.3,39.2,86,40,13.42,RU,1590463665
114,norman wells,65.28,-126.83,64.4,42,75,9.17,CA,1590463456
115,vanimo,-2.67,141.3,86.95,65,76,6.08,PG,1590463665
116,lebu,-37.62,-73.65,55.09,78,0,5.97,CL,1590463665
117,hasaki,35.73,140.83,75.0,69,75,9.17,JP,1590463666
118,wolgast,54.05,13.77,45.0,84,16,0.74,DE,1590463666
119,sojitra,22.55,72.72,87.8,66,1,9.17,IN,1590463666
120,sola,-13.88,167.55,86.0,79,75,11.41,VU,1590463666
121,leningradskiy,69.38,178.42,31.77,97,100,3.33,RU,1590463666
122,jumla,29.27,82.18,70.12,24,24,3.36,NP,1590463609
123,port hardy,50.7,-127.42,53.6,71,75,10.29,CA,1590463667
124,romny,50.75,33.47,50.09,95,100,6.8,UA,1590463667
125,kahului,20.89,-156.47,87.8,48,40,13.87,US,1590463432
126,dana point,33.47,-117.7,70.0,82,0,5.23,US,1590463667
127,narsaq,60.92,-46.05,35.6,80,100,14.99,GL,1590463668
128,carlisle,40.2,-77.19,63.0,89,0,3.06,US,1590463599
129,bambous virieux,-20.34,57.76,75.0,73,75,13.87,MU,1590463668
130,sitka,57.05,-135.33,48.2,76,90,9.17,US,1590463668
131,hurricane,37.18,-113.29,80.6,10,1,14.99,US,1590463669
132,bacungan,9.91,118.7,91.4,59,20,6.93,PH,1590463669
133,cardston,49.2,-113.3,57.2,62,90,16.11,CA,1590463669
134,barabai,-2.58,115.38,91.92,57,62,1.61,ID,1590463669
135,zeya,53.75,127.27,72.91,23,0,5.68,RU,1590463670
136,sobolevo,54.43,31.9,45.9,87,56,6.6,RU,1590463670
137,tupik,54.43,119.93,69.66,32,0,3.98,RU,1590463670
138,hamilton,39.18,-84.53,75.2,94,1,3.33,US,1590463671
139,gat,31.61,34.76,62.01,67,0,3.36,IL,1590463671
140,acapulco,16.86,-99.89,77.0,88,75,11.41,MX,1590463423
141,labytnangi,66.66,66.42,41.45,65,0,2.84,RU,1590463672
142,moree,-29.47,149.85,68.0,52,0,7.81,AU,1590463672
143,santa rosa,14.31,121.11,93.0,70,40,6.93,PH,1590463673
144,kudahuvadhoo,2.67,72.89,83.91,77,100,14.34,MV,1590463673
145,kirkland lake,48.14,-80.04,69.8,73,1,11.41,CA,1590463673
146,vila franca do campo,37.72,-25.43,64.4,82,20,11.41,PT,1590463674
147,hit,33.64,42.83,71.67,31,0,6.76,IQ,1590463674
148,lucapa,-8.42,20.74,66.34,62,0,1.23,AO,1590463674
149,longyearbyen,78.22,15.64,41.0,75,75,2.24,SJ,1590463674
150,waipawa,-41.41,175.52,55.0,63,95,1.01,NZ,1590463675
151,regidor,8.67,-73.82,79.66,90,100,1.36,CO,1590463675
152,roma,43.21,-75.46,71.6,73,20,6.93,US,1590463675
153,sherpur,25.02,90.02,82.94,78,100,13.35,BD,1590463675
154,east london,-33.02,27.91,58.71,48,0,29.28,ZA,1590463676
155,corn island,12.17,-83.04,84.06,82,93,9.19,NI,1590463676
156,saskylakh,71.92,114.08,39.45,82,100,13.33,RU,1590463676
157,piacabucu,-10.41,-36.43,76.82,90,74,7.67,BR,1590463676
158,chokurdakh,70.63,147.92,45.01,63,97,3.15,RU,1590463677
159,yafran,32.06,12.53,65.39,39,47,2.89,LY,1590463677
160,kamen-rybolov,44.75,132.04,60.12,57,52,9.75,RU,1590463677
161,iqaluit,63.75,-68.51,30.2,74,75,10.29,CA,1590463677
162,talaya,61.38,152.75,40.82,64,27,4.59,RU,1590463677
163,itoman,26.12,127.67,82.4,74,40,9.17,JP,1590463678
164,hornepayne,49.21,-84.77,61.0,92,100,4.79,CA,1590463678
165,ritchie,-29.04,24.6,42.8,60,40,10.29,ZA,1590463678
166,suntar,62.14,117.63,76.23,29,23,15.77,RU,1590463678
167,gazli,40.13,63.45,90.99,14,0,7.99,UZ,1590463679
168,sao filipe,14.9,-24.5,73.67,71,63,8.68,CV,1590463679
169,auki,-8.77,160.7,87.46,65,38,4.5,SB,1590463679
170,talnakh,69.49,88.4,33.8,100,75,13.42,RU,1590463679
171,bonavista,48.65,-53.11,48.0,57,13,17.0,CA,1590463680
172,nome,64.5,-165.41,44.6,81,1,8.05,US,1590463680
173,krasnyye baki,57.13,45.16,48.65,82,9,1.97,RU,1590463680
174,holland,42.79,-86.11,73.0,78,1,3.36,US,1590463411
175,miandrivazo,-19.52,45.47,67.55,84,0,1.05,MG,1590463680
176,sorland,67.67,12.69,46.63,79,100,22.44,NO,1590463681
177,pangnirtung,66.15,-65.71,28.45,91,100,5.64,CA,1590463681
178,lompoc,34.64,-120.46,70.0,63,1,5.82,US,1590463580
179,bolivar,37.61,-93.41,68.0,94,100,11.99,US,1590463681
180,wuwei,37.93,102.64,66.0,41,100,1.01,CN,1590463681
181,flin flon,54.77,-101.86,56.55,85,100,6.42,CA,1590463682
182,seoul,37.57,126.98,75.2,64,75,3.36,KR,1590463609
183,kribi,2.95,9.92,76.73,89,100,2.91,CM,1590463682
184,fort madison,40.63,-91.32,71.6,88,40,3.36,US,1590463543
185,maromitsa,59.87,48.01,45.54,87,4,4.05,RU,1590463683
186,grindavik,63.84,-22.43,41.0,100,75,10.29,IS,1590463683
187,paamiut,61.99,-49.67,35.31,86,100,23.0,GL,1590463683
188,kavieng,-2.57,150.8,85.68,65,0,5.59,PG,1590463683
189,luderitz,-26.65,15.16,55.4,62,0,11.41,NA,1590463684
190,hay river,60.82,-115.8,37.4,86,75,10.29,CA,1590463684
191,yulara,-25.24,130.99,64.4,52,90,16.11,AU,1590463685
192,faanui,-16.48,-151.75,82.42,76,100,7.23,PF,1590463685
193,rodrigues alves,-7.74,-72.65,71.47,81,5,1.92,BR,1590463685
194,torbay,47.67,-52.73,46.99,52,75,26.4,CA,1590463685
195,denpasar,-8.65,115.22,87.8,79,20,6.93,ID,1590463686
196,fairbanks,64.84,-147.72,55.4,76,90,4.7,US,1590463686
197,anito,12.45,125.29,87.48,59,81,7.38,PH,1590463686
198,mahibadhoo,3.78,72.97,84.31,80,75,14.38,MV,1590463686
199,thompson,55.74,-97.86,53.6,54,40,4.7,CA,1590463621
200,sarh,9.14,18.39,75.2,94,100,4.09,TD,1590463687
201,sao felix do xingu,-6.64,-51.99,73.13,88,44,0.49,BR,1590463687
202,dubbo,-32.25,148.62,66.2,59,40,11.41,AU,1590463687
203,rottenmann,47.52,14.35,48.0,100,100,3.36,AT,1590463688
204,komyshuvakha,47.72,35.53,53.01,93,75,6.71,UA,1590463688
205,whitehorse,60.72,-135.05,51.8,29,75,8.05,CA,1590463484
206,milos,36.75,24.43,62.6,72,0,14.99,GR,1590463688
207,souillac,-20.52,57.52,73.4,73,75,13.87,MU,1590463688
208,teya,60.38,92.63,48.63,55,96,8.72,RU,1590463689
209,ixtapa,20.7,-105.2,68.7,79,1,1.59,MX,1590463689
210,maningrida,-12.07,134.27,81.3,49,97,8.86,AU,1590463689
211,wilkie,52.42,-108.7,66.99,45,100,7.0,CA,1590463689
212,nanortalik,60.14,-45.24,36.63,81,100,3.53,GL,1590463690
213,bethel,41.37,-73.41,60.8,87,90,4.7,US,1590463675
214,lata,40.16,-8.33,75.0,93,1,7.25,PT,1590463690
215,anadyr,64.75,177.48,37.4,81,75,13.42,RU,1590463690
216,cherskiy,68.75,161.3,49.48,44,0,7.92,RU,1590463690
217,rafsanjan,30.41,55.99,78.75,21,3,2.95,IR,1590463691
218,bubaque,11.28,-15.83,78.69,78,0,15.95,GW,1590463691
219,dali,25.7,100.18,71.04,50,19,6.4,CN,1590463691
220,nikolayevsk-na-amure,53.14,140.73,69.48,29,9,4.65,RU,1590463691
221,bilibino,68.05,166.44,39.78,68,0,6.64,RU,1590463692
222,clarence town,-32.58,151.78,69.01,64,75,19.46,AU,1590463692
223,ishigaki,24.34,124.16,86.0,79,75,8.05,JP,1590463692
224,zlitan,32.47,14.57,65.5,72,0,3.42,LY,1590463415
225,bom jardim,-7.8,-35.59,70.32,98,92,1.72,BR,1590463693
226,naze,28.37,129.48,78.8,74,75,6.93,JP,1590463693
227,dunda,-8.12,34.25,58.57,94,0,2.98,TZ,1590463693
228,peniche,39.36,-9.38,64.0,91,0,5.68,PT,1590463693
229,katsuura,35.13,140.3,73.99,88,75,6.93,JP,1590463694
230,wanning,18.8,110.4,91.13,59,96,9.06,CN,1590463694
231,kokoda,-8.88,147.74,84.04,65,87,3.24,PG,1590463694
232,chuy,-33.7,-53.46,53.76,75,89,13.65,UY,1590463694
233,kruisfontein,-34.0,24.73,50.2,78,100,25.7,ZA,1590463695
234,laguna,38.42,-121.42,91.0,27,1,9.17,US,1590463442
235,butaritari,3.07,172.79,82.76,72,91,7.07,KI,1590463695
236,kaduna,10.52,7.44,77.31,69,98,5.12,NG,1590463695
237,ofunato,39.07,141.72,75.2,47,75,5.82,JP,1590463696
238,touros,-5.2,-35.46,75.2,100,20,3.36,BR,1590463696
239,san vicente,-26.62,-54.13,44.8,99,0,2.46,AR,1590463696
240,poum,-20.23,164.02,76.42,59,8,18.01,NC,1590463696
241,bandarbeyla,9.49,50.81,83.57,72,75,18.43,SO,1590463697
242,coracora,-15.03,-73.78,52.88,50,23,7.27,PE,1590463697
243,ereymentau,51.62,73.1,81.79,36,29,11.32,KZ,1590463697
244,isangel,-19.55,169.27,82.4,69,75,16.11,VU,1590463697
245,qinzhou,21.95,108.62,81.14,70,100,11.7,CN,1590463698
246,bentiu,9.23,29.83,76.71,75,93,1.14,SS,1590463698
247,urucara,-2.54,-57.76,74.32,95,89,1.12,BR,1590463698
248,zhangye,38.93,100.45,64.04,30,100,10.87,CN,1590463698
249,grand gaube,-20.01,57.66,75.0,70,81,8.99,MU,1590463699
250,lere,10.39,8.57,73.78,79,99,3.18,NG,1590463699
251,komsomolskiy,40.43,71.72,84.2,26,0,4.7,UZ,1590463699
252,kabo,7.7,18.63,73.85,94,100,4.56,CF,1590463699
253,sembe,1.65,14.58,71.01,92,97,1.41,CG,1590463699
254,kavaratti,10.57,72.64,87.8,74,20,4.7,IN,1590463700
255,port elizabeth,-33.92,25.57,50.0,87,90,20.8,ZA,1590463700
256,port hedland,-20.32,118.57,73.4,49,5,21.92,AU,1590463700
257,manbij,36.53,37.95,53.6,81,0,3.36,SY,1590463700
258,bourail,-21.57,165.48,77.27,41,41,3.91,NC,1590463701
259,shitanjing,39.23,106.34,72.0,25,3,4.0,CN,1590463701
260,belomorsk,64.52,34.77,45.37,68,92,5.39,RU,1590463701
261,oussouye,12.48,-16.55,75.2,94,75,6.93,SN,1590463701
262,shizunai,42.33,142.37,55.69,78,71,12.82,JP,1590463701
263,havoysund,71.0,24.66,46.4,75,2,6.93,NO,1590463702
264,victoria,22.29,114.16,91.0,75,40,12.75,HK,1590463502
265,jasper,37.2,-94.35,68.0,88,90,14.99,US,1590463702
266,dunkirk,51.05,2.37,51.01,90,16,4.63,FR,1590463702
267,mao,39.89,4.27,60.8,100,0,6.93,ES,1590463703
268,sergeyevka,53.88,67.42,57.43,63,0,12.88,KZ,1590463703
269,tombouctou,20.0,-3.0,85.39,14,0,8.79,ML,1590463703
270,fort nelson,58.81,-122.7,59.0,41,75,10.29,CA,1590463605
271,bibiani,6.46,-2.32,69.49,100,100,0.67,GH,1590463703
272,sibolga,1.74,98.78,81.9,74,93,1.77,ID,1590463645
273,methven,-43.63,171.65,57.99,59,7,2.55,NZ,1590463704
274,necochea,-38.55,-58.74,51.01,88,99,14.0,AR,1590463704
275,beaufort,5.35,115.75,89.6,70,75,3.36,MY,1590463704
276,gunjur,13.2,-16.73,69.8,100,75,9.17,GM,1590463705
277,caravelas,-17.71,-39.25,74.84,94,96,7.74,BR,1590463705
278,bara,10.37,10.73,76.59,77,1,7.85,NG,1590463705
279,lagoa,39.05,-27.98,63.9,90,0,17.52,PT,1590463705
280,dukat,62.55,155.55,36.07,79,43,6.02,RU,1590463705
281,alofi,-19.06,-169.92,78.8,65,34,12.66,NU,1590463706
282,nombre de dios,23.85,-104.23,71.01,45,23,8.99,MX,1590463706
283,danjiangkou,32.54,111.51,80.01,13,60,7.34,CN,1590463706
284,borogontsy,62.67,131.17,77.74,25,88,7.58,RU,1590463706
285,krasnyy chikoy,50.36,108.75,69.64,37,13,2.37,RU,1590463707
286,nusaybin,37.08,41.22,60.39,50,0,7.45,TR,1590463707
287,mzimba,-11.9,33.6,58.84,92,10,6.89,MW,1590463707
288,carahue,-38.7,-73.17,46.4,100,90,0.76,CL,1590463707
289,kerema,-7.96,145.78,81.93,80,100,5.26,PG,1590463707
290,northam,51.03,-4.22,50.0,92,94,1.99,GB,1590463708
291,kumba,4.64,9.45,72.77,97,100,0.76,CM,1590463708
292,antalaha,-14.9,50.28,68.97,83,1,6.44,MG,1590463708
293,tayu,-6.54,111.05,87.53,66,97,5.37,ID,1590463708
294,svidnik,49.31,21.57,46.99,99,32,5.88,SK,1590463709
295,geraldton,-28.77,114.6,62.6,72,75,6.93,AU,1590463709
296,nouadhibou,20.93,-17.03,69.8,77,0,12.75,MR,1590463709
297,luganville,-15.53,167.17,78.8,88,75,8.05,VU,1590463709
298,jacmel,18.23,-72.53,84.2,66,89,13.87,HT,1590463709
299,juazeiro,-9.41,-40.5,78.8,78,76,6.93,BR,1590463545
300,liverpool,53.41,-2.98,55.99,66,94,6.93,GB,1590463710
301,acarau,-2.89,-40.12,77.18,86,0,5.79,BR,1590463456
302,waingapu,-9.66,120.26,85.15,68,74,3.94,ID,1590463710
303,hope,33.67,-93.59,75.0,78,100,4.0,US,1590463710
304,chicama,-7.84,-79.15,68.83,79,88,3.13,PE,1590463711
305,kumo,10.04,11.21,76.98,77,55,5.32,NG,1590463711
306,santa isabel do rio negro,-0.41,-65.02,73.96,95,8,1.68,BR,1590463711
307,stykkisholmur,65.08,-22.73,42.53,88,100,4.97,IS,1590463711
308,mogadishu,2.04,45.34,80.17,85,22,12.64,SO,1590463711
309,zabol,32.25,67.25,74.19,18,0,3.47,AF,1590463712
310,ribeira grande,38.52,-28.7,64.56,89,36,15.39,PT,1590463712
311,sao joao da barra,-21.64,-41.05,71.6,88,3,8.75,BR,1590463712
312,beringovskiy,63.05,179.32,33.3,94,100,8.39,RU,1590463712
313,salym,60.06,71.48,43.11,91,100,16.04,RU,1590463713
314,saint george,37.1,-113.58,81.0,10,1,14.99,US,1590463671
315,marsh harbour,26.54,-77.06,76.35,88,100,18.81,BS,1590463713
316,pisco,-13.7,-76.22,64.4,88,90,8.05,PE,1590463713
317,eureka,40.8,-124.16,59.0,54,5,3.0,US,1590463464
318,bud,39.45,-86.18,75.99,87,0,6.4,US,1590463714
319,bose,45.46,8.01,60.01,72,0,3.31,IT,1590463714
320,ola,59.58,151.28,42.93,70,57,6.71,RU,1590463714
321,praya,14.92,-23.51,69.8,83,20,3.36,CV,1590463714
322,san cristobal,7.77,-72.22,68.7,88,98,3.83,VE,1590463714
323,riachao,-7.36,-46.62,73.94,88,100,3.69,BR,1590463715
324,makakilo city,21.35,-158.09,80.6,65,75,5.82,US,1590463715
325,portland,45.52,-122.68,64.4,77,75,1.01,US,1590463715
326,huilong,31.81,121.66,66.0,91,100,3.0,CN,1590463715
327,kalabo,-14.97,22.68,57.97,63,0,1.5,ZM,1590463715
328,tlaquepaque,20.65,-103.32,77.0,17,20,8.05,MX,1590463716
329,saldanha,-33.01,17.94,50.0,87,57,2.24,ZA,1590463716
330,calamar,10.25,-74.91,79.52,89,100,2.98,CO,1590463716
331,lavrentiya,65.58,-171.0,34.5,94,95,4.76,RU,1590463716
332,nantucket,41.28,-70.1,55.4,100,90,3.36,US,1590463494
333,helena,46.59,-112.04,61.0,46,100,8.01,US,1590463473
334,esperance,-33.87,121.9,51.8,93,90,20.8,AU,1590463717
335,raahe,64.68,24.48,46.4,93,1,2.24,FI,1590463717
336,odweyne,9.41,45.06,73.38,73,6,11.63,SO,1590463506
337,catuday,16.29,119.81,86.07,69,50,6.85,PH,1590463718
338,rosarito,32.33,-117.03,68.0,77,1,6.93,MX,1590463718
339,aguimes,27.91,-15.45,69.01,82,20,20.8,ES,1590463718
340,menongue,-14.66,17.69,53.17,61,0,2.1,AO,1590463718
341,inirida,3.87,-67.92,74.46,97,93,2.08,CO,1590463718
342,nynashamn,58.9,17.95,45.0,48,0,4.92,SE,1590463719
343,arlit,18.74,7.39,89.1,22,94,6.24,NE,1590463719
344,bosobolo,4.18,19.9,71.94,96,100,1.19,CD,1590463719
345,villers-le-bouillet,50.58,5.26,51.8,81,1,3.36,BE,1590463719
346,mindelo,16.89,-24.98,69.8,83,12,3.36,CV,1590463720
347,iwanai,42.97,140.51,62.38,60,34,5.28,JP,1590463720
348,katherine,-14.47,132.27,84.2,35,79,5.82,AU,1590463720
349,boden,65.83,21.69,50.0,66,0,4.7,SE,1590463721
350,college,64.86,-147.8,55.4,66,90,8.05,US,1590463721
351,kiama,-34.68,150.87,64.0,92,89,3.0,AU,1590463721
352,marinette,45.1,-87.63,69.8,88,1,5.82,US,1590463721
353,nuuk,64.18,-51.72,32.0,95,100,23.04,GL,1590463722
354,deputatskiy,69.3,139.9,42.48,81,100,5.32,RU,1590463722
355,saint-francois,46.42,3.91,50.0,87,0,3.47,FR,1590463722
356,payo,-3.75,103.64,83.64,75,94,3.15,ID,1590463722
357,coahuayana,18.73,-103.68,69.21,80,0,1.16,MX,1590463723
358,santa maria,-29.68,-53.81,57.2,76,75,6.93,BR,1590463692
359,moyo,3.66,31.72,65.43,99,33,1.59,UG,1590463723
360,yerbogachen,61.28,108.01,59.56,59,76,16.37,RU,1590463723
361,taoudenni,22.68,-3.98,86.43,20,0,3.11,ML,1590463723
362,sarkand,45.41,79.92,80.51,24,0,4.97,KZ,1590463724
363,matveyevka,52.15,56.18,57.2,58,0,17.9,RU,1590463724
364,sukhobuzimskoye,56.5,93.27,62.6,63,40,11.18,RU,1590463724
365,port macquarie,-31.43,152.92,64.4,88,75,17.22,AU,1590463724
366,westport,41.14,-73.36,57.99,93,90,6.93,US,1590463725
367,solnechnyy,50.72,136.63,65.88,27,54,5.53,RU,1590463725
368,pailon,-17.65,-62.75,57.2,87,0,5.82,BO,1590463725
369,lesnoye,58.28,35.52,47.75,80,3,2.17,RU,1590463725
370,bozhou,33.88,115.77,82.96,39,55,10.11,CN,1590463725
371,sault sainte marie,46.52,-84.33,66.2,82,90,5.82,CA,1590463726
372,mattru,7.62,-11.83,75.65,97,7,1.68,SL,1590463726
373,makat,47.65,53.35,78.01,45,0,11.63,KZ,1590463726
374,channel-port aux basques,47.57,-59.14,39.7,72,0,5.19,CA,1590463726
375,ust-labinsk,45.21,39.69,55.4,93,75,6.71,RU,1590463727
376,strezhevoy,60.73,77.59,51.8,57,40,11.18,RU,1590463727
377,ilulissat,69.22,-51.1,28.4,86,99,2.51,GL,1590463727
378,carballo,43.21,-8.69,57.0,75,0,7.0,ES,1590463727
379,rajampet,14.18,79.17,93.58,46,0,6.91,IN,1590463727
380,sao miguel do tapuio,-5.5,-41.32,71.62,91,25,3.24,BR,1590463728
381,teguise,29.06,-13.56,68.0,82,0,11.77,ES,1590463728
382,hede,33.77,120.25,79.61,45,69,7.43,CN,1590463728
383,taman,45.21,36.72,53.6,100,85,2.24,RU,1590463728
384,namibe,-15.2,12.15,68.29,73,0,4.97,AO,1590463728
385,da nang,16.07,108.22,96.8,47,20,4.7,VN,1590463729
386,beyneu,45.32,55.2,83.71,22,0,5.93,KZ,1590463729
387,mumford,5.26,-0.76,75.74,87,100,6.93,GH,1590463729
388,rio gallegos,-51.62,-69.22,46.4,65,97,31.09,AR,1590463693
389,abu samrah,35.3,37.18,62.06,59,0,1.68,SY,1590463730
390,hovd,48.01,91.64,66.9,27,100,5.82,MN,1590463730
391,yelan,50.95,43.74,53.01,89,100,3.0,RU,1590463730
392,abu kamal,34.45,40.92,68.52,34,0,5.03,SY,1590463731
393,odessa,46.48,30.73,50.0,93,88,6.71,UA,1590463532
394,ceyhan,37.02,35.82,62.6,93,0,2.24,TR,1590463732
395,mount isa,-20.73,139.5,69.8,26,28,5.82,AU,1590463732
396,san quintin,30.48,-115.95,65.19,80,61,9.62,MX,1590463733
397,puerto madryn,-42.77,-65.04,53.47,68,60,21.36,AR,1590463733
398,jaunjelgava,56.62,25.08,46.99,96,0,4.27,LV,1590463734
399,sambava,-14.27,50.17,70.45,81,18,9.64,MG,1590463734
400,alice springs,-23.7,133.88,64.4,36,100,11.41,AU,1590463734
401,esil,51.96,66.4,62.85,60,0,16.31,KZ,1590463734
402,andenes,69.31,16.12,46.4,81,71,16.11,NO,1590463734
403,saint-paul,-21.01,55.27,68.0,94,4,8.05,RE,1590463735
404,dumas,35.87,-101.97,57.2,58,1,3.36,US,1590463490
405,cervo,43.67,-7.41,50.0,88,24,5.99,ES,1590463735
406,fortuna,40.6,-124.16,59.0,100,90,10.29,US,1590463735
407,antofagasta,-23.65,-70.4,60.8,77,90,1.12,CL,1590463735
408,ransang,8.96,117.58,89.31,61,0,4.5,PH,1590463736
409,lira,2.23,32.91,63.91,97,0,2.33,UG,1590463736
410,moa,20.66,-74.94,79.97,86,47,8.3,CU,1590463736
411,alyangula,-13.85,136.42,80.6,44,91,9.17,AU,1590463736
412,oranjemund,-28.55,16.43,51.55,80,33,4.29,NA,1590463737
413,becerril,9.7,-73.28,78.71,85,100,3.24,CO,1590463737
414,trancoso,22.73,-102.37,69.8,9,5,9.17,MX,1590463737
415,jiazi,22.88,116.07,82.78,80,100,15.28,CN,1590463737
416,skibbereen,51.55,-9.27,53.6,93,75,4.12,IE,1590463737
417,havre-saint-pierre,50.23,-63.6,51.8,66,90,4.7,CA,1590463738
418,fort saint james,54.43,-124.25,56.46,39,67,7.9,CA,1590463738
419,cabo san lucas,22.89,-109.91,79.0,56,24,14.09,MX,1590463721
420,edd,13.93,41.69,82.47,74,0,5.3,ER,1590463738
421,williamsburg,37.27,-76.71,62.6,93,1,4.59,US,1590463739
422,ampere,-25.91,-53.47,45.86,94,0,2.75,BR,1590463739
423,baru,-7.05,112.39,88.34,66,82,3.69,ID,1590463739
424,beloha,-25.17,45.05,64.67,95,0,5.93,MG,1590463739
425,quatre cocos,-20.21,57.76,75.0,73,75,13.87,MU,1590463740
426,amapa,1.0,-52.0,72.46,97,46,2.33,BR,1590463740
427,yanam,16.73,82.22,90.77,60,25,6.31,IN,1590463740
428,poros,37.5,23.45,62.01,77,94,1.01,GR,1590463740
429,te anau,-45.42,167.72,52.21,66,8,1.05,NZ,1590463740
430,ancud,-41.87,-73.82,55.0,100,90,10.29,CL,1590463741
431,saint-joseph,-21.37,55.62,73.4,73,90,19.46,RE,1590463741
432,manokwari,-0.87,134.08,85.39,69,3,3.96,ID,1590463741
433,qiqihar,47.34,123.97,71.85,24,0,12.46,CN,1590463741
434,pacasmayo,-7.4,-79.57,68.45,82,63,7.76,PE,1590463742
435,narragansett,41.45,-71.45,57.99,87,75,2.91,US,1590463742
436,viramgam,23.12,72.05,87.8,66,2,9.17,IN,1590463742
437,egvekinot,66.32,-179.17,31.59,100,100,2.64,RU,1590463742
438,berlevag,70.86,29.09,42.8,70,0,6.93,NO,1590463742
439,cedar falls,42.53,-92.45,70.0,83,40,4.7,US,1590463743
440,benguela,-12.58,13.41,69.64,78,0,4.05,AO,1590463743
441,khanapur,15.63,74.52,80.6,78,20,13.87,IN,1590463743
442,malinovskiy,61.2,62.84,51.71,78,90,5.68,RU,1590463743
443,werda,-25.27,23.28,48.97,72,34,9.04,BW,1590463744
444,muzhi,65.37,64.67,43.02,63,0,3.98,RU,1590463744
445,southbridge,42.08,-72.03,62.01,97,26,4.05,US,1590463744
446,liku,-0.73,119.89,88.88,56,90,2.01,ID,1590463744
447,yatou,37.15,122.38,61.95,81,100,6.78,CN,1590463744
448,riyadh,24.69,46.72,78.8,36,0,5.82,SA,1590463745
449,marilia,-22.21,-49.95,48.65,92,0,4.72,BR,1590463745
450,comodoro rivadavia,-45.87,-67.5,50.0,61,77,5.82,AR,1590463663
451,aswan,24.09,32.91,71.29,22,0,9.93,EG,1590463745
452,beaverlodge,55.22,-119.44,57.2,44,40,17.22,CA,1590463745
453,haines junction,60.75,-137.51,48.22,48,0,9.31,CA,1590463746
454,curaca,-8.99,-39.91,76.24,79,88,6.87,BR,1590463746
455,kushima,31.46,131.23,75.2,73,75,4.7,JP,1590463746
456,altay,47.87,88.12,73.96,32,2,3.85,CN,1590463746
457,oksovskiy,62.61,39.9,44.35,93,91,2.33,RU,1590463747
458,toropets,56.5,31.64,47.16,80,0,1.16,RU,1590463747
459,kitui,-1.37,38.01,60.22,99,25,2.37,KE,1590463747
460,cooma,-36.23,149.13,50.0,93,99,8.05,AU,1590463747
461,winslow,35.02,-110.7,64.4,15,1,8.05,US,1590463747
462,mazagao,-0.12,-51.29,80.6,100,20,4.7,BR,1590463748
463,stornoway,58.21,-6.39,50.0,87,0,9.17,GB,1590463748
464,aklavik,68.22,-135.01,60.8,38,20,11.41,CA,1590463748
465,onguday,50.75,86.15,69.76,60,61,2.3,RU,1590463749
466,gastonia,35.26,-81.19,69.01,92,100,1.01,US,1590463749
467,kharan,28.58,65.42,87.78,13,0,6.58,PK,1590463749
468,ler,8.3,30.14,75.22,84,98,3.85,SS,1590463506
469,juneau,58.3,-134.42,46.4,87,90,6.93,US,1590463749
470,sheridan,44.83,-106.92,53.01,66,1,3.36,US,1590463702
471,tomatlan,19.93,-105.25,67.69,80,2,1.41,MX,1590463750
472,novyy svit,47.81,38.02,51.76,92,100,9.78,UA,1590463750
473,teguldet,57.31,88.17,59.58,79,100,3.42,RU,1590463750
474,uige,-7.61,15.06,66.47,92,80,2.04,AO,1590463750
475,kodinsk,58.69,99.18,60.12,41,10,15.32,RU,1590463751
476,mokhsogollokh,61.47,128.92,77.99,24,31,8.14,RU,1590463751
477,tilichiki,60.47,166.1,40.26,71,87,5.68,RU,1590463751
478,bushehr,28.97,50.84,84.2,62,0,9.17,IR,1590463751
479,athabasca,54.72,-113.29,59.47,72,100,2.46,CA,1590463752
480,manuk mangkaw,4.8,119.85,84.54,70,23,2.04,PH,1590463752
481,saumur,47.33,-0.25,57.99,71,3,4.7,FR,1590463752
482,belmonte,-15.86,-38.88,73.4,94,81,3.36,BR,1590463752
483,isla mujeres,21.23,-86.73,80.01,94,90,5.82,MX,1590463753
484,tyulyachi,55.89,50.24,53.6,76,41,4.47,RU,1590463753
485,kuching,1.55,110.33,89.6,75,40,4.7,MY,1590463753
486,weinan,34.5,109.51,82.4,24,76,4.47,CN,1590463753
487,bonaventure,48.05,-65.49,64.4,52,90,9.17,CA,1590463754
488,argelia,2.26,-77.25,67.48,78,100,0.98,CO,1590463754
489,sanawad,22.18,76.07,89.6,49,19,6.93,IN,1590463754
490,hushitai,41.93,123.51,69.8,35,17,4.47,CN,1590463754
491,gravdal,68.12,13.5,45.9,79,100,21.07,NO,1590463754
492,erdenet,49.03,104.08,64.89,35,1,10.29,MN,1590463755
493,dingle,11.0,122.67,91.9,56,25,5.82,PH,1590463755
494,campbell river,50.02,-125.24,57.2,93,90,3.36,CA,1590463755
495,shingu,33.73,135.98,77.0,65,75,3.36,JP,1590463755
496,amahai,-3.33,128.92,79.9,82,100,6.82,ID,1590463755
497,maniitsoq,65.42,-52.9,31.89,98,100,12.82,GL,1590463756
498,bergerac,44.83,0.5,57.99,66,0,1.99,FR,1590463756
499,vardo,70.37,31.11,50.0,71,9,4.7,NO,1590463756
500,takaungu,-3.68,39.86,75.74,87,7,7.65,KE,1590463757
501,kupavna,55.75,38.13,53.01,93,66,3.22,RU,1590463757
502,port lincoln,-34.73,135.87,62.37,49,92,19.39,AU,1590463757
503,belyy yar,53.6,91.39,77.0,44,100,8.95,RU,1590463757
504,noyabrsk,63.2,75.45,43.81,62,31,18.45,RU,1590463758
505,machiques,10.06,-72.55,79.95,75,100,4.9,VE,1590463758
506,thai binh,20.45,106.33,78.8,88,20,8.05,VN,1590463758
507,zhezkazgan,47.8,67.71,80.6,32,0,13.42,KZ,1590463758
508,porbandar,21.64,69.61,86.0,69,0,16.31,IN,1590463759
509,gillette,44.29,-105.5,52.0,81,1,2.3,US,1590463759
510,tete,-16.16,33.59,62.6,77,9,2.24,MZ,1590463759
511,petropavlovsk-kamchatskiy,53.05,158.65,50.0,61,40,13.42,RU,1590463479
512,evensk,61.95,159.23,39.29,85,100,3.85,RU,1590463760
513,belaya gora,68.53,146.42,55.44,39,52,7.36,RU,1590463760
514,high rock,26.62,-78.28,77.22,82,94,24.2,BS,1590463760
515,bucerias,20.75,-105.33,69.76,76,0,0.43,MX,1590463760
516,gimli,50.63,-96.99,62.01,66,100,2.98,CA,1590463760
517,ponta do sol,32.67,-17.1,69.8,46,20,6.93,PT,1590463761
518,topchikha,52.82,83.12,77.0,47,79,13.42,RU,1590463761
519,salalah,17.02,54.09,84.2,83,40,2.24,OM,1590463761
520,kirakira,-10.45,161.92,85.41,68,51,12.01,SB,1590463761
521,meulaboh,4.14,96.13,82.2,77,90,3.87,ID,1590463761
522,las guacamayas,18.02,-102.22,72.79,82,0,4.5,MX,1590463762
523,hofn,64.25,-15.21,46.17,78,37,31.65,IS,1590463762
524,goya,-29.14,-59.26,49.91,85,0,4.14,AR,1590463762
525,kampong thum,12.71,104.89,86.72,70,100,6.55,KH,1590463762
526,chapais,49.78,-74.85,59.0,100,75,3.36,CA,1590463762
527,inhambane,-23.86,35.38,67.59,75,0,13.13,MZ,1590463763
528,sistranda,63.73,8.83,46.4,93,100,3.36,NO,1590463763
529,bitam,2.08,11.5,69.67,98,100,3.65,GA,1590463763
530,panalingaan,8.78,117.42,90.55,57,3,4.09,PH,1590463763
531,bairiki,1.33,172.98,87.8,70,40,2.24,KI,1590463519
532,liuhe,42.24,125.72,63.84,50,100,9.31,CN,1590463764
533,guder,8.97,37.77,58.64,64,24,2.51,ET,1590463764
534,kargasok,59.06,80.86,50.85,80,100,16.06,RU,1590463764
535,ternate,0.8,127.4,82.98,76,81,9.82,ID,1590463764
536,flinders,-34.58,150.86,64.0,78,86,4.0,AU,1590463764
537,almaznyy,48.04,40.05,53.6,93,40,6.71,RU,1590463765
538,makurdi,7.74,8.51,74.97,94,100,3.49,NG,1590463765
539,rawson,-43.3,-65.1,52.02,68,11,19.33,AR,1590463765
540,turukhansk,65.82,87.98,46.54,53,0,14.43,RU,1590463766
541,luwuk,-0.95,122.79,82.62,76,100,2.37,ID,1590463738
542,atasu,48.68,71.64,80.73,35,0,8.79,KZ,1590463766
543,zhigansk,66.77,123.37,68.92,46,38,14.67,RU,1590463766
544,amfiklia,38.63,22.58,57.99,88,90,1.01,GR,1590463766
545,asau,46.43,26.4,48.2,93,95,3.36,RO,1590463767
546,president roxas,7.15,125.06,91.4,55,40,9.17,PH,1590463767
547,airai,-8.93,125.41,72.82,82,59,0.98,TL,1590463767
548,trelew,-43.25,-65.31,51.12,66,10,17.56,AR,1590463767
549,bismarck,46.81,-100.78,59.0,77,90,3.36,US,1590463475
550,boyabat,41.47,34.77,49.95,69,78,1.28,TR,1590463768
551,xichang,27.9,102.26,56.46,79,100,2.42,CN,1590463768
552,saint anthony,45.02,-93.22,73.4,73,1,4.07,US,1590463768
553,kulachi,31.93,70.46,100.18,11,0,4.52,PK,1590463768
554,saint-ambroise,48.55,-71.33,61.0,87,90,1.05,CA,1590463769
555,ningxiang,37.34,111.21,68.36,26,8,19.3,CN,1590463769
556,filadelfia,39.95,-75.16,66.2,88,20,5.82,US,1590463746
557,tabuk,17.42,121.44,88.56,62,31,4.07,PH,1590463769
